key,f1_lo,f1_hi,auc_lo,auc_hi
XGBoost_A,0.25574174936656086,0.28129170669825665,0.8099917282547895,0.8197748988237523
XGBoost_B,0.2859510088123475,0.3108604705163624,0.8109519624771486,0.8209072266909069
XGBoost_C,0.2783786603301344,0.30169764207007416,0.7922209856412616,0.8026722093382584
XGBoost_D,0.45353600859400395,0.47090967216537377,0.8026353250380758,0.8128839679193407
XGBoost_E,0.44769891216182484,0.4633269241316662,0.8138441631813791,0.8233834787647384
XGBoost_F,0.4458250270817328,0.46195087299214393,0.8087497126441396,0.8185766928211535
XGBoost_G,0.43532918511120267,0.4520429159033377,0.7900962620766145,0.8008860664414295
LightGBM_A,0.25180720819071567,0.27652914983276794,0.814122271766334,0.8239228716556741
LightGBM_B,0.3113711016076035,0.33555873705678196,0.8131642984908445,0.8227911407512974
LightGBM_C,0.274096663617892,0.29818767117545025,0.7946532932523883,0.8048454909809095
LightGBM_D,0.45151445786862016,0.47049348680147485,0.8013735401072306,0.8116674730349732
LightGBM_E,0.44617371093759506,0.4615888846436519,0.8151777152675839,0.8249227895080172
LightGBM_F,0.44736597099932796,0.46370511284021365,0.8080720145521757,0.8179252369352219
LightGBM_G,0.44232934806148855,0.4584893956491981,0.8005439126325956,0.8108869822051857
CatBoost_A,0.25675095080406846,0.28187366210879927,0.8122978001972554,0.8220010459970106
CatBoost_B,0.27580822620154255,0.30116413164272987,0.8103694419220572,0.8203682773488433
CatBoost_C,0.2733319453831526,0.29796863767359083,0.7893948467755805,0.7999833352280085
CatBoost_D,0.4594459056880395,0.47763556876851215,0.8043028242432954,0.8143739385906331
CatBoost_E,0.4456918636524868,0.4617572984902566,0.8158317860032936,0.825331068379802
CatBoost_F,0.44629954000437794,0.46325807138084146,0.8074887196880319,0.8174336911512047
CatBoost_G,0.4371631108884468,0.4541711661690047,0.7901857474104648,0.8008945853874024
RandomForest_A,0.2490749044310812,0.2714572273579876,0.773513296004243,0.7843170015338322
RandomForest_B,0.34196067206737907,0.36329179216995433,0.7751196871100681,0.7857431938732774
RandomForest_C,0.2510658330740926,0.2743881056951236,0.7999326293924762,0.8102093893219507
RandomForest_D,0.45361784505790914,0.4708739733972049,0.8031518901210887,0.8132366803208282
RandomForest_E,0.4566209019179891,0.4737086429282599,0.8097847622586967,0.8197385385250128
RandomForest_F,0.4484872360709113,0.4656506028999061,0.8019626462934475,0.8117578843420614
RandomForest_G,0.41139741689549314,0.4299123427079061,0.7686137922782801,0.7792791371913774
