feature,builtin,perm_mean,perm_std
GenHlth,0.14515477142386593,0.04714501936137831,0.0015187558381329293
BMI,0.15969064925212967,0.04133517645877203,0.001405227597375341
Age,0.13230624210978698,0.03366378091274798,0.0014463086975945309
HighBP,0.14648290600189168,0.022487097840351456,0.0013137937509704791
HighChol,0.06783172907538285,0.010024850530166773,0.0017349656549089682
HvyAlcoholConsump,0.009555482902152957,0.003329936114066956,0.0005900537308475828
HeartDiseaseorAttack,0.018346895819040403,0.0026653513380828775,0.0001782187112444514
DiffWalk,0.0316793581353725,0.002536866479335842,0.0006861603652757569
CholCheck,0.007402583987104489,0.0020970490548299914,0.00025567209360013695
Income,0.054848203965631843,0.001911426067276123,0.0005983548066846245
Sex,0.01820872914070183,0.0017483906742297383,0.00026061278289997767
PhysHlth,0.056959425886754025,0.001524927438847512,0.0006551042466704206
Education,0.03311110909389441,0.0010706698234501434,0.00027566182667897914
PhysActivity,0.01595100791384792,0.0007697587967993247,0.0004877094151750931
MentHlth,0.039418246922319024,0.0006372382017784117,0.00032512614913413784
AnyHealthcare,0.0037329689856480048,0.00035741513103833,8.941672285875816e-05
Stroke,0.00602761842789786,0.0002421270919412244,0.00023425691901284926
NoDocbcCost,0.006590937554942811,8.26547642692299e-05,0.0001673437337482971
Fruits,0.016726916148183824,-4.388056430222331e-05,0.00014180112960592906
Veggies,0.012880467881051289,-0.00034618682433096293,0.0002341610297177222
Smoker,0.017093749372399825,-0.0008984201952800142,0.00011759845045757695
