model,config,cv_f1,n_trials,tune_s,fit_s,accuracy,precision,recall,specificity,f1,roc_auc,pr_auc,brier,tn,fp,fn,tp
XGBoost,A,,0,0.0,1.1,0.8533827214293496,0.566574839302112,0.17580851973215558,0.9757176664265871,0.26834837446993587,0.8148000394648535,0.4334116814729272,0.1058155819773674,37932,944,5785,1234
XGBoost,B,,0,0.0,1.6,0.8542106983331518,0.5651828298887123,0.20259296196039323,0.9718592447782693,0.2982695332983744,0.8157940654107153,0.4384088071963373,0.10575202852487564,37782,1094,5597,1422
XGBoost,C,0.3012686876700369,25,30.5,3.2,0.8467153284671532,0.4972279972279972,0.20444507764638836,0.9626762012552732,0.28975265017667845,0.7973585388686956,0.39671358256024725,0.11097550392150879,37425,1451,5584,1435
XGBoost,D,0.4574442451666502,25,43.1,2.5,0.765987580346443,0.35640966273057034,0.6579284798404331,0.7854974791645231,0.46235482579094916,0.8077218559281885,0.42315164586621606,0.15851645171642303,30537,8339,2401,4618
XGBoost,E,0.4545131628824779,25,42.9,5.6,0.7165050659113193,0.322448737702975,0.7751816498076649,0.7059111019652228,0.4554472021094044,0.8184773734766426,0.44756655326710443,0.17641866207122803,27443,11433,1578,5441
XGBoost,F,0.4506749880120689,25,45.8,2.1,0.7221265933108182,0.32443355786895284,0.7548083772617182,0.7162259491717254,0.45380958499293333,0.8134729509415457,0.4320498678129268,0.1855921596288681,27844,11032,1721,5298
XGBoost,G,,0,0.0,1.2,0.7318880052293278,0.3249437011524705,0.6989599658070951,0.7378331104023048,0.4436406384229326,0.7953857231340723,0.3917796434814028,0.17075411975383759,28684,10192,2113,4906
LightGBM,A,,0,0.0,2.3,0.8561281185314304,0.6066666666666667,0.1685425274255592,0.980270603971602,0.2637975248076709,0.8189303848309898,0.4464423309172208,0.10475878570693345,38109,767,5836,1183
LightGBM,B,,0,0.0,1.9,0.8544503758579366,0.5595782073813709,0.2268129363157145,0.9677693178310526,0.32278994322789945,0.8178549375212381,0.4421531424242024,0.10554252854536697,37623,1253,5427,1592
LightGBM,C,0.2917293726035225,25,70.2,3.6,0.8486981152631006,0.5138632162661737,0.19803390796409745,0.9661745035497479,0.2858905800082271,0.7996891633385085,0.4038432184027555,0.1098409705834767,37561,1315,5629,1390
LightGBM,D,0.4400805478325124,25,85.4,1.8,0.8030286523586447,0.396369603117629,0.5506482404900983,0.8485955345200124,0.4609421586165772,0.8065535697566645,0.4251061497395067,0.1466478417932957,32990,5886,3154,3865
LightGBM,E,0.4537837366787025,25,72.5,4.2,0.7088135962523151,0.3181635811314266,0.7908533979199316,0.6940014404774154,0.4537725823591923,0.8199595904497516,0.44828973600750377,0.18039601426651175,26980,11896,1468,5551
LightGBM,F,0.45294698202096767,25,81.3,9.6,0.7240658023749864,0.3262756201144827,0.755235788573871,0.718438110916761,0.4556864093527035,0.8129299702169502,0.4283282060462332,0.17519903549678767,27930,10946,1718,5301
LightGBM,G,,0,0.0,1.7,0.7261575335003813,0.3249858071027566,0.7340076934036187,0.7247401996090133,0.45050717033927945,0.8056295128617792,0.4061203037991917,0.1723889236458942,28175,10701,1867,5152
CatBoost,A,,0,0.0,15.2,0.8534916657587972,0.5676916016521341,0.17623593104430832,0.9757691120485646,0.268971515546858,0.8169432527890395,0.43532097944159515,0.10553555090910909,37934,942,5782,1237
CatBoost,B,,0,0.0,29.4,0.8532301993681229,0.5579680458828349,0.19404473571733866,0.9722450869431012,0.2879492600422833,0.8151995181277177,0.434424929307377,0.10586998902749549,37797,1079,5657,1362
CatBoost,C,0.2901845603280221,25,132.3,11.0,0.8461488179540255,0.4926573426573427,0.20074084627439806,0.9626762012552732,0.28525154367850997,0.7945611199568979,0.39336861340365326,0.11189184815047733,37425,1451,5610,1409
CatBoost,D,0.4555189050931288,25,123.1,5.5,0.7938991175509315,0.38691138301816835,0.5946716056418293,0.829869328120177,0.46880440276295837,0.8094967427130051,0.4259461853223633,0.14512782777376257,32262,6614,2845,4174
CatBoost,E,0.4536703566194766,25,89.4,8.3,0.7087482296546465,0.3179628355127323,0.7898561048582419,0.6941043317213705,0.4534042118176242,0.820457254830241,0.448936832168313,0.18119392744027873,26984,11892,1475,5544
CatBoost,F,0.45245949074841363,25,119.3,11.6,0.7219740712495915,0.32474510043348187,0.7578002564467873,0.7155057104640395,0.45465424395247456,0.8123772522778229,0.42832256654709167,0.17612773439473942,27816,11060,1700,5319
CatBoost,G,,0,0.0,22.8,0.7373787994334895,0.32905460472697634,0.6902692691266562,0.7458843502417944,0.44566067240031276,0.7953436702410538,0.39381571011856875,0.16881718174333965,28997,9879,2174,4845
RandomForest,A,,0,0.0,7.0,0.8427279660093692,0.46359312111233075,0.18051004416583558,0.9622903590904414,0.25984413453650534,0.7790819869212461,0.36131455558109593,0.11375858909848457,37410,1466,5752,1267
RandomForest,B,,0,0.0,17.5,0.8342956749101209,0.43808114961961114,0.29534121669753527,0.9316030455808211,0.35282103650753127,0.7805076532893733,0.3567919597459174,0.11817535833672842,36217,2659,4946,2073
RandomForest,C,0.2327192070854344,25,127.4,15.7,0.8531212550386752,0.5651969981238274,0.17167687704801254,0.9761549542133965,0.26335919571631516,0.8050165392653963,0.42534477393061587,0.10731061581879099,37949,927,5814,1205
RandomForest,D,0.4523762903205839,25,229.6,12.4,0.7636343828303737,0.3544659825161536,0.6643396495227241,0.781561889083239,0.46227817983543174,0.8081754389819963,0.4189580873203123,0.15771089572712216,30384,8492,2356,4663
RandomForest,E,0.4641832280855272,25,84.3,10.6,0.7599302756291535,0.352837270920733,0.6830032768200598,0.7738193229756147,0.46530136853343684,0.8147488247215042,0.43764021354956534,0.15483829818363823,30083,8793,2225,4794
RandomForest,F,0.4548901130479595,25,136.8,14.5,0.751650506591132,0.34334978893897117,0.683715629006981,0.7639160407449326,0.4571346923223471,0.8067434930816523,0.41346840255533657,0.1598306035044117,29698,9178,2220,4799
RandomForest,G,,0,0.0,13.1,0.7854014598540145,0.3583016222711797,0.5097592249608206,0.8351682271838666,0.42081740664510436,0.7738647675856256,0.32879084842172046,0.14599813273138104,32468,6408,3441,3578
